Tracker,Avg FPS,Avg IoU,Precision (CLE < 20px),Success Rate (IoU > 0.5),Sequences Count
CSRT,94.42843015383389,0.4940721517849628,0.7290124193919072,0.5441891710964604,13
BOOSTING,83.56128594743441,0.34779680464958707,0.520947358799545,0.36230099076524175,13
MEDIANFLOW,659.039849559091,0.18847716492167438,0.22585015186898574,0.22977039804409188,13
MOSSE,9493.317880269811,0.16008989909724394,0.2597895647271939,0.14786437799757127,13
KCF,965.2109688691248,0.1443818993857018,0.23969139653088162,0.14272418938713252,13
