Tracker,Avg FPS,Valid FPS,Avg IoU,Precision (CLE < 20px),Success Rate (IoU > 0.5),Sequences Count
CSRT,90.97300375859295,64.90016415519754,0.4890823624924459,0.7289868114687065,0.5339471387421992,15
BOOSTING,84.39546692707596,91.11387263741359,0.3485145153937101,0.5056157929565402,0.3589806263272395,15
MEDIANFLOW,655.9341891824772,517.1849282938318,0.17976142441377352,0.21770553992732708,0.21517813724484677,15
KCF,943.303335480691,624.917875474319,0.15473514425080634,0.22207118012988142,0.14111503702073527,15
MOSSE,9032.054149966349,3101.0415200804587,0.16370363504707536,0.22963166057760584,0.13307013251890001,15
