Tracker,Avg FPS,Valid FPS,Avg IoU,Precision (CLE < 20px),Success Rate (IoU > 0.5),Sequences Count
CSRT,67.69497302397728,65.22397012509323,0.5205642837361087,0.7739216124026445,0.5687155947223506,14
BOOSTING,87.11893991773309,94.71690008451766,0.36514903892332906,0.5166666628493051,0.38143076286065386,14
MIL,29.141666990077233,29.137352522275638,0.3857849783046759,0.6153946185976311,0.3517492870517304,10
MEDIANFLOW,633.7052577628731,514.0131419386214,0.18584423629189395,0.2250803762560432,0.22083056299756246,14
KCF,785.0118071597032,534.6628449261442,0.1631388339317056,0.23463449735659989,0.14789577259680042,14
MOSSE,8334.00572673806,3286.814545160812,0.17539675183615216,0.24603392204743482,0.14257514198453572,14
TLD,37.499459395833476,32.034671964679944,0.11688981325832548,0.14100909631084554,0.12066550012811694,10
