Tracker,Sequence,Avg FPS,Avg IoU,Precision (CLE < 20px),Success Rate (IoU > 0.5)
BOOSTING,person2,53.08914658815005,0.6383130386765058,1.0,0.9950419527078566
MEDIANFLOW,person2,833.2290198019051,0.026020207096114165,0.02250190694126621,0.021739130434782608
KCF,person2,300.52826734524905,0.1151928495593623,0.16742944317315026,0.16742944317315026
CSRT,person2,71.14254180283298,0.40992497905493197,0.528604118993135,0.2841342486651411
MOSSE,person2,3815.841154642129,0.13502154519122125,0.20594965675057209,0.15331807780320367
