Tracker,Sequence,Avg FPS,Valid FPS,Avg IoU,Precision (CLE < 20px),Success Rate (IoU > 0.5)
BOOSTING,boat1,46.216075680524746,46.216075680524746,0.3682058621001617,0.20555555555555555,0.2411111111111111
MEDIANFLOW,boat1,505.83477968380333,505.83477968380333,0.604541320535994,0.13111111111111112,0.98
KCF,boat1,51.775251985738336,51.775251985738336,0.37555361532842496,0.8022222222222222,0.2411111111111111
CSRT,boat1,53.78411233212542,53.78411233212542,0.7656381834430532,1.0,1.0
MOSSE,boat1,639.0769511377354,589.708405914193,0.2961868923611111,0.04555555555555556,0.14888888888888888
