Tracker,Sequence,Avg FPS,Valid FPS,Avg IoU,Precision (CLE < 20px),Success Rate (IoU > 0.5)
BOOSTING,boat1,47.45470703228165,47.45470703228165,0.3682058621001617,0.20555555555555555,0.2411111111111111
MEDIANFLOW,boat1,548.274122905241,548.274122905241,0.604541320535994,0.13111111111111112,0.98
KCF,boat1,52.25814121620819,52.25814121620819,0.37555361532842496,0.8022222222222222,0.2411111111111111
CSRT,boat1,54.60461243325209,54.60461243325209,0.7656381834430532,1.0,1.0
MOSSE,boat1,639.3674088511717,591.4480096620373,0.2961868923611111,0.04555555555555556,0.14888888888888888
MIL,boat1,28.306015951632,28.306015951632,0.3696256012525771,0.7833333333333333,0.2411111111111111
TLD,boat1,47.95065580308924,49.56296490849204,0.4094466508023979,0.45444444444444443,0.59
