Tracker,Sequence,Avg FPS,Avg IoU,Precision (CLE < 20px),Success Rate (IoU > 0.5)
BOOSTING,boat1,45.5297755815346,0.3682058621001617,0.20555555555555555,0.2411111111111111
MEDIANFLOW,boat1,524.5786992145714,0.604541320535994,0.13111111111111112,0.98
KCF,boat1,50.41603367056979,0.37555361532842496,0.8022222222222222,0.2411111111111111
CSRT,boat1,54.29392567955067,0.7656381834430532,1.0,1.0
MOSSE,boat1,640.5111206017722,0.2961868923611111,0.04555555555555556,0.14888888888888888
