Tracker,Sequence,Avg FPS,Valid FPS,Avg IoU,Precision (CLE < 20px),Success Rate (IoU > 0.5)
BOOSTING,boat1,44.7958563706637,44.7958563706637,0.3682058621001617,0.20555555555555555,0.2411111111111111
MEDIANFLOW,boat1,503.2687073596452,503.2687073596452,0.604541320535994,0.13111111111111112,0.98
KCF,boat1,52.084409024289755,52.084409024289755,0.37555361532842496,0.8022222222222222,0.2411111111111111
CSRT,boat1,54.166463011495104,54.166463011495104,0.7656381834430532,1.0,1.0
MOSSE,boat1,643.0933314384074,594.9146803957206,0.2961868923611111,0.04555555555555556,0.14888888888888888
TLD,boat1,44.727882454721076,48.92062058528676,0.20604089912618462,0.18555555555555556,0.2388888888888889
MIL,boat1,28.31144916250018,28.31144916250018,0.36949395559982146,0.6744444444444444,0.2411111111111111
