Tracker,Sequence,Avg FPS,Avg IoU,Precision (CLE < 20px),Success Rate (IoU > 0.5)
BOOSTING,car1,47.912306709504,0.16053691401398182,0.6343375980189847,0.06659056316590563
MEDIANFLOW,car1,526.8266996849591,0.24136822608104108,0.5720181593066447,0.3302891933028919
KCF,car1,215.19640802227963,0.1469997752843891,0.561287659925712,0.06659056316590563
CSRT,car1,61.850104668466976,0.3394966661047537,0.6277342137845646,0.4417808219178082
MOSSE,car1,3704.6576775442045,0.14227121415020663,0.5699546017333884,0.06316590563165905
