Tracker,Sequence,Avg FPS,Valid FPS,Avg IoU,Precision (CLE < 20px),Success Rate (IoU > 0.5)
BOOSTING,car1,57.99904194123357,59.06320049718534,0.16053691401398182,0.6343375980189847,0.06659056316590563
MEDIANFLOW,car1,530.8765497640684,528.2861311150681,0.24136822608104108,0.5720181593066447,0.3302891933028919
KCF,car1,211.34914782749652,142.3531192782355,0.1469997752843891,0.561287659925712,0.06659056316590563
CSRT,car1,61.319344476836555,56.62587852328374,0.3394966661047537,0.6277342137845646,0.4417808219178082
MOSSE,car1,3573.788597746005,3597.3359654664982,0.14227121415020663,0.5699546017333884,0.06316590563165905
MIL,car1,27.04046765067284,26.98816173516611,0.15450285527033636,0.566240198101527,0.06659056316590563
TLD,car1,35.7637721862969,30.494298645257462,0.20349455579130904,0.4647131654973174,0.02663622526636225
