Tracker,Sequence,Avg FPS,Valid FPS,Avg IoU,Precision (CLE < 20px),Success Rate (IoU > 0.5)
BOOSTING,car1,46.23829603313363,46.92465067426552,0.16053691401398182,0.6343375980189847,0.06659056316590563
MEDIANFLOW,car1,542.5028947707207,533.6648590072366,0.24136822608104108,0.5720181593066447,0.3302891933028919
KCF,car1,210.45862356197705,141.88801039119977,0.1469997752843891,0.561287659925712,0.06659056316590563
CSRT,car1,61.17805297327484,56.19436625347424,0.3394966661047537,0.6277342137845646,0.4417808219178082
MOSSE,car1,3446.7532191404907,3327.8599423099263,0.14227121415020663,0.5699546017333884,0.06316590563165905
