Tracker,Sequence,Avg FPS,Avg IoU,Precision (CLE < 20px),Success Rate (IoU > 0.5)
BOOSTING,car16,135.55996491091062,0.11563118597904579,0.3509036144578313,0.04467871485943775
MEDIANFLOW,car16,834.4245915285853,0.09460205812008718,0.1144578313253012,0.1360441767068273
KCF,car16,2621.6073369548803,0.037083488718216664,0.04618473895582329,0.04618473895582329
CSRT,car16,406.01931887237834,0.04833546508116609,0.09989959839357429,0.04718875502008032
MOSSE,car16,22650.873923987823,0.0,0.0,0.0
