Tracker,Sequence,Avg FPS,Valid FPS,Avg IoU,Precision (CLE < 20px),Success Rate (IoU > 0.5)
BOOSTING,car16,134.59056288018135,139.17197931445253,0.11563118597904579,0.3509036144578313,0.04467871485943775
MEDIANFLOW,car16,913.4356871373809,552.906078037952,0.09460205812008718,0.1144578313253012,0.1360441767068273
KCF,car16,2599.9124445602774,1521.0692635478545,0.037083488718216664,0.04618473895582329,0.04618473895582329
CSRT,car16,412.50155190347886,58.46773724565315,0.04833546508116609,0.09989959839357429,0.04718875502008032
MOSSE,car16,21982.89853692618,0.0,0.0,0.0,0.0
