Tracker,Sequence,Avg FPS,Valid FPS,Avg IoU,Precision (CLE < 20px),Success Rate (IoU > 0.5)
BOOSTING,car2,145.534552864311,145.4983436358297,0.269152662092972,0.6440030557677616,0.13257575757575757
MEDIANFLOW,car2,734.999278449371,537.5312686455135,0.20070817785210537,0.41711229946524064,0.16287878787878787
KCF,car2,1453.2435452802633,1022.9653886350069,0.2170833890487769,0.4239877769289534,0.16515151515151516
CSRT,car2,65.74317965575409,65.72214530391908,0.3946869934904341,1.0,0.16742424242424242
MOSSE,car2,14394.268381653557,10410.699156229444,0.2411395714860457,0.426279602750191,0.21893939393939393
MIL,car2,29.67763224072695,29.632087857451157,0.26858765064558116,0.7799847211611918,0.11515151515151516
TLD,car2,43.82977500353814,41.08151026850297,0.14597921885063236,0.3827349121466769,0.07196969696969698
