Tracker,Sequence,Avg FPS,Avg IoU,Precision (CLE < 20px),Success Rate (IoU > 0.5)
BOOSTING,car2,120.3176707588907,0.269152662092972,0.6440030557677616,0.13257575757575757
MEDIANFLOW,car2,669.7203525750002,0.20070817785210537,0.41711229946524064,0.16287878787878787
KCF,car2,1594.9628144242283,0.2170833890487769,0.4239877769289534,0.16515151515151516
CSRT,car2,66.10629172817922,0.3946869934904341,1.0,0.16742424242424242
MOSSE,car2,14777.275012749671,0.2411395714860457,0.426279602750191,0.21893939393939393
