Tracker,Sequence,Avg FPS,Valid FPS,Avg IoU,Precision (CLE < 20px),Success Rate (IoU > 0.5)
BOOSTING,car2,146.58088003996528,146.54572382610013,0.269152662092972,0.6440030557677616,0.13257575757575757
MEDIANFLOW,car2,683.8826872739073,511.51239137116596,0.20070817785210537,0.41711229946524064,0.16287878787878787
KCF,car2,1447.905448699542,1018.1979007358784,0.2170833890487769,0.4239877769289534,0.16515151515151516
CSRT,car2,66.66221906907192,66.64577518497543,0.3946869934904341,1.0,0.16742424242424242
MOSSE,car2,14973.864613637676,10603.89632370711,0.2411395714860457,0.426279602750191,0.21893939393939393
TLD,car2,44.44039287211413,41.15129185904706,0.09848838337300383,0.2475171886936593,0.06893939393939394
MIL,car2,29.434621140048453,29.240212412783386,0.2551182160732945,0.7845683728036669,0.07575757575757576
