Tracker,Sequence,Avg FPS,Avg IoU,Precision (CLE < 20px),Success Rate (IoU > 0.5)
BOOSTING,car3,128.75759687440814,0.5868492270240152,0.8782051282051282,0.5932400932400932
MEDIANFLOW,car3,640.2977367357863,0.18136224089853117,0.25582750582750585,0.2127039627039627
KCF,car3,1335.0542934610153,0.3283986147298728,0.4458041958041958,0.4405594405594406
CSRT,car3,71.73415190744106,0.69752706801452,1.0,0.8846153846153846
MOSSE,car3,17084.52111810699,0.10596987001274187,0.14160839160839161,0.1386946386946387
