Tracker,Sequence,Avg FPS,Valid FPS,Avg IoU,Precision (CLE < 20px),Success Rate (IoU > 0.5)
BOOSTING,car3,133.50913376929117,133.50913376929117,0.5868492270240152,0.8782051282051282,0.5932400932400932
MEDIANFLOW,car3,635.8791542238325,482.9843993801479,0.18136224089853117,0.25582750582750585,0.2127039627039627
KCF,car3,1316.2147804564918,922.9022987695191,0.3283986147298728,0.4458041958041958,0.4405594405594406
CSRT,car3,71.27968821414025,71.27968821414025,0.69752706801452,1.0,0.8846153846153846
MOSSE,car3,17199.43003670343,10916.208960797354,0.10596987001274187,0.14160839160839161,0.1386946386946387
MIL,car3,26.928132307543564,26.928132307543564,0.5519001060006652,1.0,0.6089743589743589
TLD,car3,37.696791844771184,0.0,0.0,0.0,0.0
