Tracker,Sequence,Avg FPS,Valid FPS,Avg IoU,Precision (CLE < 20px),Success Rate (IoU > 0.5)
BOOSTING,car3,126.89774609882372,126.89774609882372,0.5868492270240152,0.8782051282051282,0.5932400932400932
MEDIANFLOW,car3,659.052481518705,510.65626402896754,0.18136224089853117,0.25582750582750585,0.2127039627039627
KCF,car3,1220.687048391487,867.8330312552085,0.3283986147298728,0.4458041958041958,0.4405594405594406
CSRT,car3,71.85673210054159,71.85673210054159,0.69752706801452,1.0,0.8846153846153846
MOSSE,car3,15150.22215091773,9998.65823040813,0.10596987001274187,0.14160839160839161,0.1386946386946387
