Tracker,Sequence,Avg FPS,Valid FPS,Avg IoU,Precision (CLE < 20px),Success Rate (IoU > 0.5)
BOOSTING,car3,147.92849917085536,147.92849917085536,0.5868492270240152,0.8782051282051282,0.5932400932400932
MEDIANFLOW,car3,637.4788691286791,506.4097400799839,0.18136224089853117,0.25582750582750585,0.2127039627039627
KCF,car3,1307.691171954234,915.6060716100734,0.3283986147298728,0.4458041958041958,0.4405594405594406
CSRT,car3,71.22369552264736,71.22369552264736,0.69752706801452,1.0,0.8846153846153846
MOSSE,car3,16369.401733335373,10366.884998177573,0.10596987001274187,0.14160839160839161,0.1386946386946387
TLD,car3,37.111696457740415,0.0,0.0,0.0,0.0
MIL,car3,29.078144576932875,29.078144576932875,0.553112773625633,1.0,0.5454545454545454
