Tracker,Sequence,Avg FPS,Avg IoU,Precision (CLE < 20px),Success Rate (IoU > 0.5)
BOOSTING,car6,21.788594297071814,0.31762875389312645,0.31378600823045266,0.2094650205761317
MEDIANFLOW,car6,793.1000389841175,0.05219440130913694,0.06131687242798354,0.05802469135802469
KCF,car6,559.2130564502035,0.08549502674573085,0.08353909465020576,0.06790123456790123
CSRT,car6,44.57045827718435,0.4166881779142928,0.2222222222222222,0.26337448559670784
MOSSE,car6,1917.4195852835987,0.08740372616569282,0.06646090534979424,0.06522633744855967
