Tracker,Sequence,Avg FPS,Valid FPS,Avg IoU,Precision (CLE < 20px),Success Rate (IoU > 0.5)
BOOSTING,car6,22.221642863160973,22.221642863160973,0.31762875389312645,0.31378600823045266,0.2094650205761317
MEDIANFLOW,car6,780.106964914877,541.6543126363912,0.05219440130913694,0.06131687242798354,0.05802469135802469
KCF,car6,552.7213571778401,315.46091014661107,0.08549502674573085,0.08353909465020576,0.06790123456790123
CSRT,car6,43.970464106419094,43.970464106419094,0.4166881779142928,0.2222222222222222,0.26337448559670784
MOSSE,car6,1880.1560357986684,1852.674964460319,0.08740372616569282,0.06646090534979424,0.06522633744855967
MIL,car6,26.960796864239697,26.960796864239697,0.29420406735508997,0.15452674897119342,0.0588477366255144
TLD,car6,33.38774812037689,37.651030266119356,0.1101017150830584,0.06954732510288066,0.044032921810699586
