Tracker,Sequence,Avg FPS,Valid FPS,Avg IoU,Precision (CLE < 20px),Success Rate (IoU > 0.5)
BOOSTING,car8,34.74183163975612,34.74183163975612,0.501170839608576,0.4048174048174048,0.5559440559440559
MEDIANFLOW,car8,848.5586516257699,544.8197307123858,0.10117952321052395,0.06177156177156177,0.0780885780885781
KCF,car8,233.02572422096006,233.02572422096006,0.4370551255720848,0.2055167055167055,0.2517482517482518
CSRT,car8,47.43881785693603,47.43881785693603,0.6201726348452771,0.627039627039627,0.8896658896658897
MOSSE,car8,2116.1004901106153,2116.1004901106153,0.3743858374419592,0.06721056721056722,0.07381507381507381
MIL,car8,26.685984197661128,26.685984197661128,0.4635772257109702,0.33527583527583527,0.4541569541569542
TLD,car8,22.16798996921316,23.750318555384766,0.1155999220572239,0.033022533022533024,0.03923853923853924
