Tracker,Sequence,Avg FPS,Valid FPS,Avg IoU,Precision (CLE < 20px),Success Rate (IoU > 0.5)
BOOSTING,car8,32.41962764184457,32.41962764184457,0.501170839608576,0.4048174048174048,0.5559440559440559
MEDIANFLOW,car8,805.3708664568798,533.4172299006377,0.10117952321052395,0.06177156177156177,0.0780885780885781
KCF,car8,232.78371193834522,232.78371193834522,0.4370551255720848,0.2055167055167055,0.2517482517482518
CSRT,car8,47.70368642333943,47.70368642333943,0.6201726348452771,0.627039627039627,0.8896658896658897
MOSSE,car8,2042.7167595103951,2042.7167595103951,0.3743858374419592,0.06721056721056722,0.07381507381507381
