Tracker,Sequence,Avg FPS,Valid FPS,Avg IoU,Precision (CLE < 20px),Success Rate (IoU > 0.5)
BOOSTING,person3,68.36144832399519,68.36144832399519,0.5878091829388563,1.0,0.661993769470405
MEDIANFLOW,person3,640.9111624002142,490.5761723166509,0.04669838009838113,0.04984423676012461,0.04984423676012461
KCF,person3,368.37011816450945,199.39732303269358,0.07748448037312952,0.09345794392523364,0.09345794392523364
CSRT,person3,70.66383333765928,70.66383333765928,0.5818281660346987,1.0,0.7336448598130841
MOSSE,person3,3834.9992941438295,3834.9992941438295,0.5020962060287408,1.0,0.5950155763239875
MIL,person3,27.59634746989671,27.59634746989671,0.5405976037562011,0.8862928348909658,0.5202492211838006
TLD,person3,47.02603445421882,47.02603445421882,0.5655046684535314,0.9595015576323987,0.721183800623053
