Tracker,Sequence,Avg FPS,Valid FPS,Avg IoU,Precision (CLE < 20px),Success Rate (IoU > 0.5)
BOOSTING,person3,68.5940465450511,68.5940465450511,0.5878091829388563,1.0,0.661993769470405
MEDIANFLOW,person3,653.2121873620245,501.2300500134916,0.04669838009838113,0.04984423676012461,0.04984423676012461
KCF,person3,381.52476063196764,201.5874156165507,0.07748448037312952,0.09345794392523364,0.09345794392523364
CSRT,person3,71.6190855337684,71.6190855337684,0.5818281660346987,1.0,0.7336448598130841
MOSSE,person3,3980.3810133045813,3980.3810133045813,0.5020962060287408,1.0,0.5950155763239875
TLD,person3,45.72883439333567,45.72883439333567,0.512634391733628,0.6137071651090342,0.5919003115264797
MIL,person3,27.649990889764116,27.649990889764116,0.5405703881575414,0.6433021806853583,0.5342679127725857
