Tracker,Sequence,Avg FPS,Valid FPS,Avg IoU,Precision (CLE < 20px),Success Rate (IoU > 0.5)
BOOSTING,person3,59.55180465137185,59.55180465137185,0.5878091829388563,1.0,0.661993769470405
MEDIANFLOW,person3,679.7324674103392,514.5241109723048,0.04669838009838113,0.04984423676012461,0.04984423676012461
KCF,person3,378.4999983742314,196.22969510913526,0.07748448037312952,0.09345794392523364,0.09345794392523364
CSRT,person3,72.23779431779394,72.23779431779394,0.5818281660346987,1.0,0.7336448598130841
MOSSE,person3,3936.895178907815,3936.895178907815,0.5020962060287408,1.0,0.5950155763239875
