Tracker,Sequence,Avg FPS,Avg IoU,Precision (CLE < 20px),Success Rate (IoU > 0.5)
BOOSTING,person2,53.239493154835735,0.6383130386765058,1.0,0.9950419527078566
MEDIANFLOW,person2,792.240695908557,0.026020207096114165,0.02250190694126621,0.021739130434782608
KCF,person2,304.3251609425917,0.1151928495593623,0.16742944317315026,0.16742944317315026
CSRT,person2,71.02614971492392,0.40992497905493197,0.528604118993135,0.2841342486651411
MOSSE,person2,3708.370527734975,0.13502154519122125,0.20594965675057209,0.15331807780320367
