Tracker,Sequence,Avg FPS,Avg IoU,Precision (CLE < 20px),Success Rate (IoU > 0.5)
BOOSTING,person3,65.0486241490354,0.5878091829388563,1.0,0.661993769470405
MEDIANFLOW,person3,642.1497772284865,0.04669838009838113,0.04984423676012461,0.04984423676012461
KCF,person3,377.820532580665,0.07748448037312952,0.09345794392523364,0.09345794392523364
CSRT,person3,72.59956807145042,0.5818281660346987,1.0,0.7336448598130841
MOSSE,person3,4019.8931443648794,0.5020962060287408,1.0,0.5950155763239875
