Tracker,Sequence,Avg FPS,Valid FPS,Avg IoU,Precision (CLE < 20px),Success Rate (IoU > 0.5)
BOOSTING,truck2,143.28186901056372,143.08877475984931,0.3444949353999387,0.4296875,0.3958333333333333
MEDIANFLOW,truck2,511.2354488756052,513.1742886818607,0.12588296399579696,0.16927083333333334,0.140625
KCF,truck2,1520.145346842155,891.6469349288046,0.07553503630666379,0.08854166666666667,0.08854166666666667
CSRT,truck2,68.08029407301053,68.08029407301053,0.6927998754795214,1.0,0.7916666666666666
MOSSE,truck2,15450.610412068005,6696.257563640254,0.008682516025111164,0.010416666666666666,0.010416666666666666
TLD,truck2,16.377997967118336,15.183984030821787,4.848696156072811e-06,0.0,0.0
MIL,truck2,28.25342537045402,28.817231522665534,0.3160533300854818,0.4348958333333333,0.4088541666666667
