Tracker,Sequence,Avg FPS,Valid FPS,Avg IoU,Precision (CLE < 20px),Success Rate (IoU > 0.5)
BOOSTING,truck3,155.06720515290922,155.06720515290922,0.7512425913367985,1.0,1.0
MEDIANFLOW,truck3,551.6876386502297,543.7419875708691,0.3975151135374187,0.6779026217228464,0.4232209737827715
KCF,truck3,1862.643693176354,1201.6059408089975,0.12803978385209874,0.16292134831460675,0.16292134831460675
CSRT,truck3,80.71192218357984,80.71192218357984,0.7611013076558493,1.0,1.0
MOSSE,truck3,20836.00158864373,0.0,0.0,0.0,0.0
MIL,truck3,29.370590850820594,29.370590850820594,0.594407797853218,1.0,0.7696629213483146
TLD,truck3,13.06199764739112,0.0,0.0,0.0,0.0
