Tracker,Sequence,Avg FPS,Avg IoU,Precision (CLE < 20px),Success Rate (IoU > 0.5)
BOOSTING,truck3,137.9356212926801,0.7512425913367985,1.0,1.0
MEDIANFLOW,truck3,564.5747521322347,0.3975151135374187,0.6779026217228464,0.4232209737827715
KCF,truck3,2057.5953618160793,0.12803978385209874,0.16292134831460675,0.16292134831460675
CSRT,truck3,81.0920176737984,0.7611013076558493,1.0,1.0
MOSSE,truck3,21703.75164145082,0.0,0.0,0.0
