Tracker,Sequence,Avg FPS,Valid FPS,Avg IoU,Precision (CLE < 20px),Success Rate (IoU > 0.5)
BOOSTING,truck1,32.19260208926329,32.23547373328637,0.1635855104594313,0.0367965367965368,0.08441558441558442
MEDIANFLOW,truck1,558.5900751923884,514.8419494388622,0.13627603167756086,0.008658008658008658,0.1645021645021645
KCF,truck1,29.892345579880562,16.366270376939227,0.14572887202368187,0.015151515151515152,0.12554112554112554
CSRT,truck1,88.5029593278287,45.88396437009708,0.21815106999059192,0.012987012987012988,0.12554112554112554
MOSSE,truck1,138.7747653117358,137.2156455554945,0.16190387605269452,0.008658008658008658,0.09523809523809523
TLD,truck1,33.428874489994165,30.604532580610133,0.03993708694042486,0.0,0.025974025974025976
MIL,truck1,31.887325186580263,31.732808070168474,0.17532478273480515,0.008658008658008658,0.09956709956709957
