Tracker,Sequence,Avg FPS,Valid FPS,Avg IoU,Precision (CLE < 20px),Success Rate (IoU > 0.5)
BOOSTING,truck3,158.55301851804074,158.55301851804074,0.7512425913367985,1.0,1.0
MEDIANFLOW,truck3,504.290537106011,503.32461565891225,0.3975151135374187,0.6779026217228464,0.4232209737827715
KCF,truck3,1856.3642960732304,1168.6459912000355,0.12803978385209874,0.16292134831460675,0.16292134831460675
CSRT,truck3,81.25695671413493,81.25695671413493,0.7611013076558493,1.0,1.0
MOSSE,truck3,21574.872207038996,0.0,0.0,0.0,0.0
TLD,truck3,12.802379480161571,0.0,0.0,0.0,0.0
MIL,truck3,29.520735302289243,29.520735302289243,0.6130980122315915,1.0,0.8651685393258427
