Tracker,Sequence,Avg FPS,Valid FPS,Avg IoU,Precision (CLE < 20px),Success Rate (IoU > 0.5)
BOOSTING,truck1,35.0552021472401,35.098478214998984,0.1635855104594313,0.0367965367965368,0.08441558441558442
MEDIANFLOW,truck1,552.4101262153517,508.38442590528047,0.13627603167756086,0.008658008658008658,0.1645021645021645
KCF,truck1,29.965792953714704,16.30848932417411,0.14572887202368187,0.015151515151515152,0.12554112554112554
CSRT,truck1,90.9262358007918,46.49626550776766,0.21815106999059192,0.012987012987012988,0.12554112554112554
MOSSE,truck1,139.24368558508382,138.11831330460194,0.16190387605269452,0.008658008658008658,0.09523809523809523
