Tracker,Sequence,Avg FPS,Valid FPS,Avg IoU,Precision (CLE < 20px),Success Rate (IoU > 0.5)
BOOSTING,truck2,130.49909153231488,132.42749592559562,0.3444949353999387,0.4296875,0.3958333333333333
MEDIANFLOW,truck2,524.4900047697472,526.002416372682,0.12588296399579696,0.16927083333333334,0.140625
KCF,truck2,1649.1688017771805,933.6247231294558,0.07553503630666379,0.08854166666666667,0.08854166666666667
CSRT,truck2,68.03235558180852,68.03235558180852,0.6927998754795214,1.0,0.7916666666666666
MOSSE,truck2,16620.661202328778,8104.47844392799,0.008682516025111164,0.010416666666666666,0.010416666666666666
