Tracker,Sequence,Avg FPS,Valid FPS,Avg IoU,Precision (CLE < 20px),Success Rate (IoU > 0.5)
BOOSTING,truck3,138.35371287239005,138.35371287239005,0.7512425913367985,1.0,1.0
MEDIANFLOW,truck3,499.0253770628812,496.83615846402904,0.3975151135374187,0.6779026217228464,0.4232209737827715
KCF,truck3,2207.329856655788,1288.1023085391046,0.12803978385209874,0.16292134831460675,0.16292134831460675
CSRT,truck3,80.71773890288512,80.71773890288512,0.7611013076558493,1.0,1.0
MOSSE,truck3,18327.8914720621,0.0,0.0,0.0,0.0
