Tracker,Sequence,Avg FPS,Avg IoU,Precision (CLE < 20px),Success Rate (IoU > 0.5)
BOOSTING,truck2,123.58577091181265,0.3444949353999387,0.4296875,0.3958333333333333
MEDIANFLOW,truck2,501.5362122895355,0.12588296399579696,0.16927083333333334,0.140625
KCF,truck2,1640.4456161013857,0.07553503630666379,0.08854166666666667,0.08854166666666667
CSRT,truck2,67.76582525647825,0.6927998754795214,1.0,0.7916666666666666
MOSSE,truck2,16844.13920383027,0.008682516025111164,0.010416666666666666,0.010416666666666666
