Tracker,Sequence,Avg FPS,Avg IoU,Precision (CLE < 20px),Success Rate (IoU > 0.5)
BOOSTING,truck1,31.82210492091315,0.1635855104594313,0.0367965367965368,0.08441558441558442
MEDIANFLOW,truck1,601.2340399428293,0.13627603167756086,0.008658008658008658,0.1645021645021645
KCF,truck1,29.328107217513896,0.14572887202368187,0.015151515151515152,0.12554112554112554
CSRT,truck1,89.48702855023774,0.21815106999059192,0.012987012987012988,0.12554112554112554
MOSSE,truck1,139.18117590362777,0.16190387605269452,0.008658008658008658,0.09523809523809523
