Tracker,Sequence,Avg FPS,Valid FPS,Avg IoU,Precision (CLE < 20px),Success Rate (IoU > 0.5)
BOOSTING,truck1,36.63567452895328,36.66406733861177,0.1635855104594313,0.0367965367965368,0.08441558441558442
MEDIANFLOW,truck1,559.5937836561566,513.0213023300624,0.13627603167756086,0.008658008658008658,0.1645021645021645
KCF,truck1,30.250116043770333,16.411034857970872,0.14572887202368187,0.015151515151515152,0.12554112554112554
CSRT,truck1,88.08966234734872,45.596926852621124,0.21815106999059192,0.012987012987012988,0.12554112554112554
MOSSE,truck1,139.88812632522274,138.3830868311922,0.16190387605269452,0.008658008658008658,0.09523809523809523
MIL,truck1,31.788790292777314,31.400612917207916,0.1710835468210413,0.004329004329004329,0.09090909090909091
TLD,truck1,34.83537901637529,27.719255082544493,0.034471054531342894,0.0,0.023809523809523808
