Tracker,Sequence,Avg FPS,Valid FPS,Avg IoU,Precision (CLE < 20px),Success Rate (IoU > 0.5)
BOOSTING,wakeboard2,132.67867809386314,133.01029615230425,0.20518843085244373,0.40710382513661203,0.11885245901639344
MEDIANFLOW,wakeboard2,561.2918577085014,511.09985457832505,0.1450386990143117,0.2677595628415301,0.16256830601092895
KCF,wakeboard2,1487.3170754417033,858.0979940286062,0.007007346175886709,0.009562841530054645,0.009562841530054645
CSRT,wakeboard2,82.41713932969321,80.5685131658073,0.2931248293368962,0.8306010928961749,0.045081967213114756
MOSSE,wakeboard2,16633.175829448013,0.0,0.0,0.0,0.0
