Tracker,Sequence,Avg FPS,Valid FPS,Avg IoU,Precision (CLE < 20px),Success Rate (IoU > 0.5)
BOOSTING,wakeboard3,127.35374857125245,129.39877660718884,0.14130987326742225,0.18856447688564476,0.1873479318734793
MEDIANFLOW,wakeboard3,643.1842329841251,498.0686294668107,0.1735484265841098,0.33698296836982966,0.16666666666666666
KCF,wakeboard3,1244.149363750571,729.0607623819692,0.07245552097404455,0.13260340632603407,0.09002433090024331
CSRT,wakeboard3,81.94507419048416,81.94507419048416,0.5412703000702198,1.0,0.6374695863746959
MOSSE,wakeboard3,15190.641301305555,0.0,0.0,0.0,0.0
