Tracker,Sequence,Avg FPS,Valid FPS,Avg IoU,Precision (CLE < 20px),Success Rate (IoU > 0.5)
BOOSTING,wakeboard1,60.6714574208538,47.51832642431132,0.07659872326237677,0.09047619047619047,0.09761904761904762
MEDIANFLOW,wakeboard1,729.3620604580301,539.2462886937852,0.16948559619549028,0.11904761904761904,0.14047619047619048
KCF,wakeboard1,409.8194315925948,219.77027417296443,0.07191423906973182,0.09285714285714286,0.1
CSRT,wakeboard1,59.615170203007956,59.615170203007956,0.555489720870483,0.9857142857142858,0.6976190476190476
MOSSE,wakeboard1,1694.8226419709629,1694.8226419709629,0.4004932707906057,0.9023809523809524,0.43333333333333335
MIL,wakeboard1,28.970085879923896,28.970085879923896,0.34675305405773643,0.16428571428571428,0.3476190476190476
TLD,wakeboard1,50.527162176166584,50.410721087903006,0.29661401687190914,0.4976190476190476,0.24285714285714285
