Tracker,Sequence,Avg FPS,Avg IoU,Precision (CLE < 20px),Success Rate (IoU > 0.5)
BOOSTING,wakeboard3,117.84593888746842,0.14130987326742225,0.18856447688564476,0.1873479318734793
MEDIANFLOW,wakeboard3,726.4113730695899,0.1735484265841098,0.33698296836982966,0.16666666666666666
KCF,wakeboard3,1356.7948012723075,0.07245552097404455,0.13260340632603407,0.09002433090024331
CSRT,wakeboard3,81.49789675048497,0.5412703000702198,1.0,0.6374695863746959
MOSSE,wakeboard3,14456.386538327959,0.0,0.0,0.0
