Tracker,Sequence,Avg FPS,Valid FPS,Avg IoU,Precision (CLE < 20px),Success Rate (IoU > 0.5)
BOOSTING,wakeboard1,60.243023084446065,48.690065632089656,0.07659872326237677,0.09047619047619047,0.09761904761904762
MEDIANFLOW,wakeboard1,662.2970132397732,513.6114135303487,0.16948559619549028,0.11904761904761904,0.14047619047619048
KCF,wakeboard1,409.56253852662843,224.7805768038063,0.07191423906973182,0.09285714285714286,0.1
CSRT,wakeboard1,58.11987815433909,58.11987815433909,0.555489720870483,0.9857142857142858,0.6976190476190476
MOSSE,wakeboard1,1691.6476153286872,1691.6476153286872,0.4004932707906057,0.9023809523809524,0.43333333333333335
TLD,wakeboard1,51.03109044442797,51.971481026225334,0.259807690633308,0.30952380952380953,0.28095238095238095
MIL,wakeboard1,28.418684408762903,28.418684408762903,0.347229472665053,0.2976190476190476,0.21428571428571427
