Tracker,Sequence,Avg FPS,Valid FPS,Avg IoU,Precision (CLE < 20px),Success Rate (IoU > 0.5)
BOOSTING,wakeboard1,58.5570281911619,42.577818810597776,0.07659872326237677,0.09047619047619047,0.09761904761904762
MEDIANFLOW,wakeboard1,710.0916968506099,526.9550649278265,0.16948559619549028,0.11904761904761904,0.14047619047619048
KCF,wakeboard1,407.60366555722266,221.9252790921125,0.07191423906973182,0.09285714285714286,0.1
CSRT,wakeboard1,59.23057143121585,59.23057143121585,0.555489720870483,0.9857142857142858,0.6976190476190476
MOSSE,wakeboard1,1690.0131094777114,1690.0131094777114,0.4004932707906057,0.9023809523809524,0.43333333333333335
