Tracker,Sequence,Avg FPS,Valid FPS,Avg IoU,Precision (CLE < 20px),Success Rate (IoU > 0.5)
BOOSTING,wakeboard2,134.45991770882765,134.85894541585103,0.20518843085244373,0.40710382513661203,0.11885245901639344
MEDIANFLOW,wakeboard2,555.8213674642909,513.2842470718011,0.1450386990143117,0.2677595628415301,0.16256830601092895
KCF,wakeboard2,1455.0279056424074,845.7913343280319,0.007007346175886709,0.009562841530054645,0.009562841530054645
CSRT,wakeboard2,81.92314668953027,80.09689940870413,0.2931248293368962,0.8306010928961749,0.045081967213114756
MOSSE,wakeboard2,16274.273196270356,0.0,0.0,0.0,0.0
TLD,wakeboard2,37.204137429054896,36.704822581920055,0.02144685372172453,0.02459016393442623,0.0
MIL,wakeboard2,30.69890473291574,30.440879746365127,0.22792853267669175,0.36885245901639346,0.06830601092896176
