Tracker,Sequence,Avg FPS,Valid FPS,Avg IoU,Precision (CLE < 20px),Success Rate (IoU > 0.5)
BOOSTING,wakeboard3,129.34943518370045,131.9681187263144,0.14130987326742225,0.18856447688564476,0.1873479318734793
MEDIANFLOW,wakeboard3,668.582219557623,520.4182111495104,0.1735484265841098,0.33698296836982966,0.16666666666666666
KCF,wakeboard3,1223.1865243683899,706.5755121597757,0.07245552097404455,0.13260340632603407,0.09002433090024331
CSRT,wakeboard3,81.69657685113307,81.69657685113307,0.5412703000702198,1.0,0.6374695863746959
MOSSE,wakeboard3,14463.901194929564,0.0,0.0,0.0,0.0
TLD,wakeboard3,52.1413079696665,50.08115258955267,0.030537978358825116,0.029197080291970802,0.0
MIL,wakeboard3,28.16338913052454,28.16338913052454,0.4599203191968453,0.9416058394160584,0.46472019464720193
