Tracker,Sequence,Avg FPS,Avg IoU,Precision (CLE < 20px),Success Rate (IoU > 0.5)
BOOSTING,wakeboard1,56.95325486758208,0.07659872326237677,0.09047619047619047,0.09761904761904762
MEDIANFLOW,wakeboard1,750.4230749739306,0.16948559619549028,0.11904761904761904,0.14047619047619048
KCF,wakeboard1,404.9830723849034,0.07191423906973182,0.09285714285714286,0.1
CSRT,wakeboard1,59.526854849266016,0.555489720870483,0.9857142857142858,0.6976190476190476
MOSSE,wakeboard1,1766.1517736209596,0.4004932707906057,0.9023809523809524,0.43333333333333335
